target_id,prediction,confidence
KIC-004570949,0.6091533448020238,0.7816933103959525
