target_id,prediction,confidence
KIC-004570949,0.23716515032059904,0.4743303006411981
