target_id,prediction,confidence
KIC-004570949,0.9497041250936515,0.10059174981269692
