target_id,prediction,uncertainty
KIC-004570949,0.736091450935552,0.12106967764010547
