target_id,prediction,confidence
KIC-004570949,0.65869463410697,0.6826107317860599
