target_id,prediction,uncertainty
KIC-004570949,0.1058449706655964,0.20308022209057364
