target_id,prediction,confidence
KIC-004570949,0.4394403260009532,0.8788806520019063
