target_id,prediction,uncertainty
KIC-004570949,0.049256668515111235,0.13200941126410418
