target_id,prediction,confidence
KIC-004570949,0.4218117174590653,0.8436234349181306
