target_id,prediction,uncertainty
KIC-004570949,0.8002390439151866,0.1700424952720804
